{"stats":{"minecraft:killed":{"minecraft:pig":1,"minecraft:spider":2,"minecraft:skeleton":3,"minecraft:zombie":8},"minecraft:dropped":{"minecraft:enchanted_book":17,"minecraft:iron_sword":1,"minecraft:ender_pearl":7,"minecraft:netherite_chestplate":3,"minecraft:netherite_helmet":2,"minecraft:iron_helmet":1,"minecraft:iron_boots":1,"minecraft:spectral_arrow":1,"minecraft:totem_of_undying":5,"minecraft:golden_apple":3,"minecraft:netherite_leggings":4,"minecraft:shield":1,"minecraft:iron_chestplate":1,"minecraft:netherite_boots":2,"minecraft:iron_leggings":1,"minecraft:iron_axe":2,"minecraft:arrow":1},"minecraft:killed_by":{"minecraft:player":8},"minecraft:mined":{"minecraft:dandelion":1,"minecraft:grass_block":8,"minecraft:tall_grass":3,"minecraft:oxeye_daisy":4,"minecraft:grass":127},"minecraft:used":{"minecraft:water_bucket":9,"minecraft:trident":145,"minecraft:netherite_sword":377,"minecraft:ender_pearl":2,"minecraft:shield":10,"minecraft:iron_sword":92,"minecraft:iron_chestplate":2,"minecraft:golden_apple":37,"minecraft:dirt":8,"minecraft:anvil":3,"minecraft:iron_axe":137,"minecraft:netherite_axe":27,"minecraft:iron_helmet":2,"minecraft:iron_boots":3,"minecraft:totem_of_undying":4,"minecraft:bow":67,"minecraft:bucket":9,"minecraft:egg":1,"minecraft:enchanted_golden_apple":35,"minecraft:iron_leggings":6},"minecraft:picked_up":{"minecraft:netherite_boots":2,"minecraft:iron_chestplate":11,"minecraft:anvil":1,"minecraft:water_bucket":6,"minecraft:enchanted_book":19,"minecraft:shield":8,"minecraft:netherite_leggings":4,"minecraft:dirt":32,"minecraft:string":8,"minecraft:iron_axe":8,"minecraft:iron_leggings":13,"minecraft:bone":3,"minecraft:bow":8,"minecraft:wheat_seeds":15,"minecraft:netherite_sword":1,"minecraft:bucket":1,"minecraft:netherite_axe":1,"minecraft:poppy":4,"minecraft:enchanted_golden_apple":104,"minecraft:iron_sword":7,"minecraft:iron_boots":13,"minecraft:egg":2,"minecraft:dandelion":4,"minecraft:lava_bucket":1,"minecraft:porkchop":12,"minecraft:trident":1,"minecraft:spectral_arrow":3,"minecraft:spider_eye":2,"minecraft:arrow":9,"minecraft:rotten_flesh":17,"minecraft:netherite_helmet":2,"minecraft:iron_helmet":11,"minecraft:golden_apple":314,"minecraft:totem_of_undying":6,"minecraft:netherite_chestplate":3,"minecraft:oxeye_daisy":7,"minecraft:cobblestone":10,"minecraft:ender_pearl":21},"minecraft:broken":{"minecraft:netherite_helmet":1,"minecraft:iron_helmet":1,"minecraft:netherite_chestplate":1,"minecraft:netherite_leggings":1,"minecraft:netherite_boots":1},"minecraft:custom":{"minecraft:mob_kills":15,"minecraft:interact_with_anvil":9,"minecraft:time_since_death":17799,"minecraft:damage_resisted":3802,"minecraft:time_since_rest":17828,"minecraft:sprint_one_cm":240886,"minecraft:walk_one_cm":198518,"minecraft:damage_taken":8115,"minecraft:damage_absorbed":5551,"minecraft:damage_blocked_by_shield":599,"minecraft:drop":53,"minecraft:damage_dealt":6723,"minecraft:fly_one_cm":502671,"minecraft:play_time":92866,"minecraft:deaths":8,"minecraft:walk_under_water_one_cm":12343,"minecraft:jump":2348,"minecraft:walk_on_water_one_cm":5240,"minecraft:total_world_time":92866,"minecraft:fall_one_cm":84906}},"DataVersion":3465}