{"stats":{"minecraft:killed":{"minecraft:pig":1,"minecraft:spider":6,"minecraft:creeper":1,"minecraft:skeleton":8,"minecraft:zombie":16},"minecraft:dropped":{"minecraft:enchanted_book":17,"minecraft:iron_ingot":1,"minecraft:iron_sword":1,"minecraft:anvil":1,"minecraft:wheat_seeds":3,"minecraft:ender_pearl":7,"minecraft:netherite_chestplate":4,"minecraft:netherite_helmet":3,"minecraft:iron_helmet":1,"minecraft:cobblestone":5,"minecraft:rotten_flesh":18,"minecraft:iron_boots":1,"minecraft:spectral_arrow":3,"minecraft:totem_of_undying":5,"minecraft:golden_apple":3,"minecraft:netherite_leggings":5,"minecraft:oxeye_daisy":2,"minecraft:shield":2,"minecraft:trident":2,"minecraft:gunpowder":2,"minecraft:iron_chestplate":1,"minecraft:netherite_boots":3,"minecraft:iron_leggings":1,"minecraft:spider_eye":2,"minecraft:iron_axe":2,"minecraft:arrow":1,"minecraft:string":4,"minecraft:bone":6,"minecraft:dandelion":1},"minecraft:killed_by":{"minecraft:player":8},"minecraft:mined":{"minecraft:dandelion":2,"minecraft:grass_block":8,"minecraft:tall_grass":3,"minecraft:oxeye_daisy":4,"minecraft:grass":148},"minecraft:used":{"minecraft:water_bucket":9,"minecraft:trident":185,"minecraft:netherite_sword":530,"minecraft:ender_pearl":3,"minecraft:shield":10,"minecraft:iron_sword":92,"minecraft:iron_chestplate":2,"minecraft:golden_apple":37,"minecraft:dirt":8,"minecraft:anvil":6,"minecraft:magenta_bed":1,"minecraft:iron_axe":137,"minecraft:netherite_axe":27,"minecraft:iron_helmet":2,"minecraft:iron_boots":3,"minecraft:totem_of_undying":4,"minecraft:bow":70,"minecraft:bucket":9,"minecraft:egg":1,"minecraft:enchanted_golden_apple":41,"minecraft:iron_leggings":6},"minecraft:picked_up":{"minecraft:netherite_boots":3,"minecraft:iron_chestplate":11,"minecraft:anvil":1,"minecraft:water_bucket":6,"minecraft:enchanted_book":19,"minecraft:shield":9,"minecraft:gunpowder":2,"minecraft:netherite_leggings":5,"minecraft:dirt":32,"minecraft:string":10,"minecraft:iron_axe":8,"minecraft:iron_leggings":13,"minecraft:bone":9,"minecraft:bow":8,"minecraft:wheat_seeds":16,"minecraft:netherite_sword":2,"minecraft:bucket":1,"minecraft:iron_ingot":1,"minecraft:netherite_axe":2,"minecraft:poppy":4,"minecraft:enchanted_golden_apple":132,"minecraft:iron_sword":7,"minecraft:iron_boots":13,"minecraft:egg":2,"minecraft:dandelion":6,"minecraft:lava_bucket":1,"minecraft:porkchop":12,"minecraft:trident":3,"minecraft:spectral_arrow":3,"minecraft:spider_eye":3,"minecraft:arrow":12,"minecraft:rotten_flesh":27,"minecraft:netherite_helmet":3,"minecraft:iron_helmet":11,"minecraft:golden_apple":314,"minecraft:totem_of_undying":6,"minecraft:netherite_chestplate":4,"minecraft:oxeye_daisy":8,"minecraft:cobblestone":10,"minecraft:ender_pearl":21},"minecraft:broken":{"minecraft:netherite_helmet":1,"minecraft:iron_helmet":1,"minecraft:netherite_chestplate":1,"minecraft:netherite_leggings":1,"minecraft:netherite_boots":1},"minecraft:custom":{"minecraft:mob_kills":33,"minecraft:interact_with_anvil":15,"minecraft:time_since_death":41799,"minecraft:sleep_in_bed":1,"minecraft:damage_resisted":4484,"minecraft:time_since_rest":7367,"minecraft:sprint_one_cm":288927,"minecraft:walk_one_cm":241308,"minecraft:damage_taken":8356,"minecraft:damage_absorbed":6303,"minecraft:damage_blocked_by_shield":599,"minecraft:drop":73,"minecraft:damage_dealt":11133,"minecraft:fly_one_cm":639593,"minecraft:player_kills":1,"minecraft:play_time":116866,"minecraft:deaths":8,"minecraft:walk_under_water_one_cm":12343,"minecraft:jump":2935,"minecraft:walk_on_water_one_cm":5240,"minecraft:total_world_time":116866,"minecraft:fall_one_cm":106369}},"DataVersion":3465}