{"stats":{"minecraft:killed":{"minecraft:pig":1,"minecraft:spider":5,"minecraft:creeper":1,"minecraft:skeleton":7,"minecraft:zombie":15},"minecraft:dropped":{"minecraft:enchanted_book":17,"minecraft:iron_sword":1,"minecraft:ender_pearl":7,"minecraft:netherite_chestplate":3,"minecraft:netherite_helmet":2,"minecraft:iron_helmet":1,"minecraft:iron_boots":1,"minecraft:spectral_arrow":1,"minecraft:totem_of_undying":5,"minecraft:golden_apple":3,"minecraft:netherite_leggings":4,"minecraft:shield":1,"minecraft:iron_chestplate":1,"minecraft:netherite_boots":2,"minecraft:iron_leggings":1,"minecraft:iron_axe":2,"minecraft:arrow":1},"minecraft:killed_by":{"minecraft:player":8},"minecraft:mined":{"minecraft:dandelion":2,"minecraft:grass_block":8,"minecraft:tall_grass":3,"minecraft:oxeye_daisy":4,"minecraft:grass":148},"minecraft:used":{"minecraft:water_bucket":9,"minecraft:trident":185,"minecraft:netherite_sword":526,"minecraft:ender_pearl":3,"minecraft:shield":10,"minecraft:iron_sword":92,"minecraft:iron_chestplate":2,"minecraft:golden_apple":37,"minecraft:dirt":8,"minecraft:anvil":3,"minecraft:iron_axe":137,"minecraft:netherite_axe":27,"minecraft:iron_helmet":2,"minecraft:iron_boots":3,"minecraft:totem_of_undying":4,"minecraft:bow":70,"minecraft:bucket":9,"minecraft:egg":1,"minecraft:enchanted_golden_apple":41,"minecraft:iron_leggings":6},"minecraft:picked_up":{"minecraft:netherite_boots":2,"minecraft:iron_chestplate":11,"minecraft:anvil":1,"minecraft:water_bucket":6,"minecraft:enchanted_book":19,"minecraft:shield":8,"minecraft:gunpowder":2,"minecraft:netherite_leggings":4,"minecraft:dirt":32,"minecraft:string":8,"minecraft:iron_axe":8,"minecraft:iron_leggings":13,"minecraft:bone":7,"minecraft:bow":8,"minecraft:wheat_seeds":16,"minecraft:netherite_sword":2,"minecraft:bucket":1,"minecraft:iron_ingot":1,"minecraft:netherite_axe":2,"minecraft:poppy":4,"minecraft:enchanted_golden_apple":104,"minecraft:iron_sword":7,"minecraft:iron_boots":13,"minecraft:egg":2,"minecraft:dandelion":6,"minecraft:lava_bucket":1,"minecraft:porkchop":12,"minecraft:trident":1,"minecraft:spectral_arrow":3,"minecraft:spider_eye":3,"minecraft:arrow":12,"minecraft:rotten_flesh":25,"minecraft:netherite_helmet":2,"minecraft:iron_helmet":11,"minecraft:golden_apple":314,"minecraft:totem_of_undying":6,"minecraft:netherite_chestplate":3,"minecraft:oxeye_daisy":8,"minecraft:cobblestone":10,"minecraft:ender_pearl":21},"minecraft:broken":{"minecraft:netherite_helmet":1,"minecraft:iron_helmet":1,"minecraft:netherite_chestplate":1,"minecraft:netherite_leggings":1,"minecraft:netherite_boots":1},"minecraft:custom":{"minecraft:mob_kills":30,"minecraft:interact_with_anvil":9,"minecraft:time_since_death":29799,"minecraft:damage_resisted":4483,"minecraft:time_since_rest":29828,"minecraft:sprint_one_cm":285118,"minecraft:walk_one_cm":237036,"minecraft:damage_taken":8356,"minecraft:damage_absorbed":6302,"minecraft:damage_blocked_by_shield":599,"minecraft:drop":53,"minecraft:damage_dealt":10841,"minecraft:fly_one_cm":625595,"minecraft:player_kills":1,"minecraft:play_time":104866,"minecraft:deaths":8,"minecraft:walk_under_water_one_cm":12343,"minecraft:jump":2905,"minecraft:walk_on_water_one_cm":5240,"minecraft:total_world_time":104866,"minecraft:fall_one_cm":105951}},"DataVersion":3465}