{"stats":{"minecraft:killed":{"minecraft:zombie":1,"minecraft:pig":1},"minecraft:dropped":{"minecraft:iron_sword":1,"minecraft:shield":1,"minecraft:iron_chestplate":1,"minecraft:iron_helmet":1,"minecraft:iron_leggings":1,"minecraft:iron_boots":1,"minecraft:iron_axe":2,"minecraft:golden_apple":3},"minecraft:killed_by":{"minecraft:player":4},"minecraft:mined":{"minecraft:dandelion":1,"minecraft:grass":76,"minecraft:grass_block":8,"minecraft:tall_grass":3,"minecraft:oxeye_daisy":3},"minecraft:used":{"minecraft:water_bucket":3,"minecraft:iron_axe":109,"minecraft:iron_helmet":1,"minecraft:shield":9,"minecraft:iron_sword":73,"minecraft:iron_boots":1,"minecraft:totem_of_undying":2,"minecraft:iron_chestplate":1,"minecraft:golden_apple":26,"minecraft:dirt":8,"minecraft:bow":39,"minecraft:bucket":2,"minecraft:egg":1,"minecraft:iron_leggings":1},"minecraft:picked_up":{"minecraft:iron_chestplate":9,"minecraft:water_bucket":4,"minecraft:dandelion":2,"minecraft:porkchop":6,"minecraft:shield":5,"minecraft:dirt":16,"minecraft:iron_axe":6,"minecraft:iron_leggings":9,"minecraft:arrow":3,"minecraft:bow":5,"minecraft:wheat_seeds":9,"minecraft:iron_helmet":9,"minecraft:golden_apple":113,"minecraft:totem_of_undying":1,"minecraft:poppy":1,"minecraft:iron_sword":5,"minecraft:oxeye_daisy":2,"minecraft:iron_boots":8,"minecraft:egg":2},"minecraft:custom":{"minecraft:time_since_rest":808,"minecraft:damage_absorbed":902,"minecraft:sprint_one_cm":84753,"minecraft:damage_taken":3847,"minecraft:walk_one_cm":52316,"minecraft:damage_blocked_by_shield":539,"minecraft:mob_kills":2,"minecraft:drop":11,"minecraft:damage_dealt":2031,"minecraft:fly_one_cm":123700,"minecraft:play_time":32866,"minecraft:deaths":4,"minecraft:jump":653,"minecraft:walk_on_water_one_cm":2481,"minecraft:time_since_death":771,"minecraft:total_world_time":32866,"minecraft:fall_one_cm":11780}},"DataVersion":3465}