{"stats":{"minecraft:killed":{"minecraft:zombie":1},"minecraft:dropped":{"minecraft:iron_sword":1,"minecraft:shield":1,"minecraft:iron_chestplate":1,"minecraft:iron_helmet":1,"minecraft:iron_leggings":1,"minecraft:iron_boots":1,"minecraft:iron_axe":2,"minecraft:golden_apple":3},"minecraft:killed_by":{"minecraft:player":2},"minecraft:mined":{"minecraft:grass":27,"minecraft:grass_block":8,"minecraft:tall_grass":1},"minecraft:used":{"minecraft:iron_axe":38,"minecraft:iron_helmet":1,"minecraft:shield":8,"minecraft:iron_sword":24,"minecraft:iron_boots":1,"minecraft:totem_of_undying":1,"minecraft:iron_chestplate":1,"minecraft:golden_apple":10,"minecraft:bow":28,"minecraft:iron_leggings":1},"minecraft:picked_up":{"minecraft:iron_chestplate":5,"minecraft:water_bucket":3,"minecraft:shield":3,"minecraft:dirt":16,"minecraft:iron_axe":4,"minecraft:iron_leggings":5,"minecraft:arrow":3,"minecraft:bow":3,"minecraft:wheat_seeds":2,"minecraft:iron_helmet":5,"minecraft:golden_apple":87,"minecraft:totem_of_undying":1,"minecraft:iron_sword":3,"minecraft:iron_boots":5},"minecraft:custom":{"minecraft:time_since_rest":1849,"minecraft:damage_absorbed":342,"minecraft:sprint_one_cm":39615,"minecraft:damage_taken":1538,"minecraft:walk_one_cm":26763,"minecraft:damage_blocked_by_shield":523,"minecraft:mob_kills":1,"minecraft:drop":11,"minecraft:damage_dealt":613,"minecraft:fly_one_cm":61678,"minecraft:play_time":20866,"minecraft:deaths":2,"minecraft:jump":308,"minecraft:time_since_death":1816,"minecraft:total_world_time":20866,"minecraft:fall_one_cm":4439}},"DataVersion":3465}