{"stats":{"minecraft:killed":{"minecraft:zombie":1,"minecraft:pig":1,"minecraft:spider":1},"minecraft:dropped":{"minecraft:enchanted_book":8,"minecraft:iron_sword":1,"minecraft:shield":1,"minecraft:ender_pearl":7,"minecraft:iron_chestplate":1,"minecraft:netherite_helmet":1,"minecraft:netherite_chestplate":1,"minecraft:netherite_boots":1,"minecraft:iron_helmet":1,"minecraft:iron_leggings":1,"minecraft:spectral_arrow":1,"minecraft:iron_boots":1,"minecraft:iron_axe":2,"minecraft:arrow":1,"minecraft:totem_of_undying":2,"minecraft:golden_apple":3,"minecraft:netherite_leggings":1},"minecraft:killed_by":{"minecraft:player":7},"minecraft:mined":{"minecraft:dandelion":1,"minecraft:grass":96,"minecraft:grass_block":8,"minecraft:tall_grass":3,"minecraft:oxeye_daisy":3},"minecraft:used":{"minecraft:netherite_sword":8,"minecraft:trident":34,"minecraft:water_bucket":9,"minecraft:iron_axe":137,"minecraft:iron_helmet":2,"minecraft:shield":10,"minecraft:iron_sword":92,"minecraft:iron_boots":3,"minecraft:totem_of_undying":2,"minecraft:iron_chestplate":2,"minecraft:golden_apple":37,"minecraft:dirt":8,"minecraft:anvil":1,"minecraft:bow":59,"minecraft:bucket":9,"minecraft:egg":1,"minecraft:enchanted_golden_apple":3,"minecraft:iron_leggings":6},"minecraft:picked_up":{"minecraft:netherite_boots":1,"minecraft:iron_chestplate":11,"minecraft:water_bucket":6,"minecraft:dandelion":4,"minecraft:enchanted_book":8,"minecraft:porkchop":12,"minecraft:shield":7,"minecraft:spider_eye":1,"minecraft:string":2,"minecraft:spectral_arrow":1,"minecraft:netherite_leggings":1,"minecraft:dirt":16,"minecraft:iron_axe":8,"minecraft:iron_leggings":13,"minecraft:arrow":6,"minecraft:bow":7,"minecraft:netherite_helmet":1,"minecraft:wheat_seeds":12,"minecraft:bucket":1,"minecraft:iron_helmet":11,"minecraft:golden_apple":314,"minecraft:totem_of_undying":3,"minecraft:poppy":4,"minecraft:netherite_chestplate":1,"minecraft:enchanted_golden_apple":64,"minecraft:iron_sword":7,"minecraft:ender_pearl":7,"minecraft:oxeye_daisy":6,"minecraft:iron_boots":13,"minecraft:egg":2},"minecraft:broken":{"minecraft:iron_helmet":1},"minecraft:custom":{"minecraft:time_since_rest":13502,"minecraft:damage_absorbed":1377,"minecraft:sprint_one_cm":139223,"minecraft:damage_taken":5406,"minecraft:walk_one_cm":83129,"minecraft:damage_blocked_by_shield":599,"minecraft:interact_with_anvil":7,"minecraft:mob_kills":3,"minecraft:drop":34,"minecraft:damage_dealt":3165,"minecraft:fly_one_cm":234511,"minecraft:play_time":56866,"minecraft:deaths":7,"minecraft:walk_under_water_one_cm":3895,"minecraft:jump":988,"minecraft:walk_on_water_one_cm":4564,"minecraft:time_since_death":13463,"minecraft:damage_resisted":80,"minecraft:total_world_time":56866,"minecraft:fall_one_cm":22180}},"DataVersion":3465}