{"stats":{"minecraft:dropped":{"minecraft:iron_helmet":1,"minecraft:iron_leggings":1,"minecraft:iron_sword":1,"minecraft:iron_boots":1,"minecraft:iron_axe":2,"minecraft:shield":1,"minecraft:iron_chestplate":1,"minecraft:golden_apple":3},"minecraft:used":{"minecraft:iron_chestplate":1,"minecraft:bow":10,"minecraft:iron_helmet":1,"minecraft:iron_boots":1,"minecraft:iron_leggings":1},"minecraft:picked_up":{"minecraft:iron_axe":2,"minecraft:iron_chestplate":1,"minecraft:iron_leggings":1,"minecraft:arrow":1,"minecraft:water_bucket":1,"minecraft:bow":1,"minecraft:iron_helmet":1,"minecraft:golden_apple":34,"minecraft:shield":1,"minecraft:iron_sword":1,"minecraft:iron_boots":1},"minecraft:custom":{"minecraft:time_since_rest":8866,"minecraft:damage_taken":10,"minecraft:play_time":8866,"minecraft:sprint_one_cm":652,"minecraft:walk_one_cm":3656,"minecraft:drop":11,"minecraft:jump":36,"minecraft:time_since_death":8866,"minecraft:total_world_time":8866,"minecraft:fly_one_cm":181}},"DataVersion":3465}