{"stats":{"minecraft:killed":{"minecraft:zombie":1,"minecraft:pig":1},"minecraft:dropped":{"minecraft:iron_sword":1,"minecraft:shield":1,"minecraft:iron_chestplate":1,"minecraft:iron_helmet":1,"minecraft:iron_leggings":1,"minecraft:iron_boots":1,"minecraft:iron_axe":2,"minecraft:golden_apple":3},"minecraft:killed_by":{"minecraft:player":7},"minecraft:mined":{"minecraft:dandelion":1,"minecraft:grass":96,"minecraft:grass_block":8,"minecraft:tall_grass":3,"minecraft:oxeye_daisy":3},"minecraft:used":{"minecraft:water_bucket":9,"minecraft:iron_axe":137,"minecraft:iron_helmet":2,"minecraft:shield":10,"minecraft:iron_sword":92,"minecraft:iron_boots":3,"minecraft:totem_of_undying":2,"minecraft:iron_chestplate":2,"minecraft:golden_apple":37,"minecraft:dirt":8,"minecraft:bow":53,"minecraft:bucket":9,"minecraft:egg":1,"minecraft:iron_leggings":6},"minecraft:picked_up":{"minecraft:iron_chestplate":11,"minecraft:water_bucket":6,"minecraft:dandelion":4,"minecraft:porkchop":12,"minecraft:shield":7,"minecraft:dirt":16,"minecraft:iron_axe":8,"minecraft:iron_leggings":13,"minecraft:arrow":5,"minecraft:bow":7,"minecraft:wheat_seeds":12,"minecraft:bucket":1,"minecraft:iron_helmet":11,"minecraft:golden_apple":314,"minecraft:totem_of_undying":1,"minecraft:poppy":4,"minecraft:iron_sword":7,"minecraft:oxeye_daisy":6,"minecraft:iron_boots":13,"minecraft:egg":2},"minecraft:broken":{"minecraft:iron_helmet":1},"minecraft:custom":{"minecraft:time_since_rest":1502,"minecraft:damage_absorbed":1262,"minecraft:sprint_one_cm":125631,"minecraft:damage_taken":5406,"minecraft:walk_one_cm":71209,"minecraft:damage_blocked_by_shield":599,"minecraft:mob_kills":2,"minecraft:drop":11,"minecraft:damage_dealt":2922,"minecraft:fly_one_cm":169915,"minecraft:play_time":44866,"minecraft:deaths":7,"minecraft:jump":907,"minecraft:walk_on_water_one_cm":4389,"minecraft:time_since_death":1463,"minecraft:total_world_time":44866,"minecraft:fall_one_cm":19031}},"DataVersion":3465}