{"stats":{"minecraft:killed":{"minecraft:pig":1,"minecraft:spider":2,"minecraft:skeleton":2,"minecraft:zombie":5},"minecraft:dropped":{"minecraft:enchanted_book":8,"minecraft:iron_sword":1,"minecraft:ender_pearl":7,"minecraft:netherite_chestplate":1,"minecraft:netherite_helmet":1,"minecraft:iron_helmet":1,"minecraft:iron_boots":1,"minecraft:spectral_arrow":1,"minecraft:totem_of_undying":2,"minecraft:golden_apple":3,"minecraft:netherite_leggings":1,"minecraft:shield":1,"minecraft:iron_chestplate":1,"minecraft:netherite_boots":1,"minecraft:iron_leggings":1,"minecraft:iron_axe":2,"minecraft:arrow":1},"minecraft:killed_by":{"minecraft:player":7},"minecraft:mined":{"minecraft:dandelion":1,"minecraft:grass_block":8,"minecraft:tall_grass":3,"minecraft:oxeye_daisy":3,"minecraft:grass":107},"minecraft:used":{"minecraft:water_bucket":9,"minecraft:trident":99,"minecraft:netherite_sword":126,"minecraft:ender_pearl":2,"minecraft:shield":10,"minecraft:iron_sword":92,"minecraft:iron_chestplate":2,"minecraft:golden_apple":37,"minecraft:dirt":8,"minecraft:anvil":1,"minecraft:iron_axe":137,"minecraft:netherite_axe":25,"minecraft:iron_helmet":2,"minecraft:iron_boots":3,"minecraft:totem_of_undying":2,"minecraft:bow":59,"minecraft:bucket":9,"minecraft:egg":1,"minecraft:enchanted_golden_apple":12,"minecraft:iron_leggings":6},"minecraft:picked_up":{"minecraft:netherite_boots":1,"minecraft:iron_chestplate":11,"minecraft:water_bucket":6,"minecraft:enchanted_book":8,"minecraft:shield":7,"minecraft:netherite_leggings":1,"minecraft:dirt":16,"minecraft:string":4,"minecraft:iron_axe":8,"minecraft:iron_leggings":13,"minecraft:bone":1,"minecraft:bow":7,"minecraft:wheat_seeds":13,"minecraft:bucket":1,"minecraft:poppy":4,"minecraft:enchanted_golden_apple":64,"minecraft:iron_sword":7,"minecraft:iron_boots":13,"minecraft:egg":2,"minecraft:dandelion":4,"minecraft:porkchop":12,"minecraft:spectral_arrow":1,"minecraft:spider_eye":1,"minecraft:arrow":6,"minecraft:rotten_flesh":5,"minecraft:netherite_helmet":1,"minecraft:iron_helmet":11,"minecraft:golden_apple":314,"minecraft:totem_of_undying":3,"minecraft:netherite_chestplate":1,"minecraft:oxeye_daisy":6,"minecraft:cobblestone":5,"minecraft:ender_pearl":7},"minecraft:broken":{"minecraft:iron_helmet":1},"minecraft:custom":{"minecraft:mob_kills":10,"minecraft:interact_with_anvil":7,"minecraft:time_since_death":25463,"minecraft:damage_resisted":1369,"minecraft:time_since_rest":25502,"minecraft:sprint_one_cm":178657,"minecraft:walk_one_cm":130946,"minecraft:damage_taken":6020,"minecraft:damage_absorbed":2630,"minecraft:damage_blocked_by_shield":599,"minecraft:drop":34,"minecraft:damage_dealt":4724,"minecraft:fly_one_cm":359576,"minecraft:play_time":68866,"minecraft:deaths":7,"minecraft:walk_under_water_one_cm":6014,"minecraft:jump":1433,"minecraft:walk_on_water_one_cm":4926,"minecraft:total_world_time":68866,"minecraft:fall_one_cm":49603}},"DataVersion":3465}