{"stats":{"minecraft:dropped":{"minecraft:iron_helmet":2,"minecraft:water_bucket":2,"minecraft:arrow":1,"minecraft:bow":1,"minecraft:golden_apple":58},"minecraft:mined":{"minecraft:grass":37,"minecraft:poppy":1,"minecraft:grass_block":2,"minecraft:tall_grass":5},"minecraft:used":{"minecraft:golden_apple":21,"minecraft:dirt":2,"minecraft:bow":14,"minecraft:anvil":1,"minecraft:iron_axe":74,"minecraft:shield":4,"minecraft:iron_sword":72},"minecraft:picked_up":{"minecraft:water_bucket":1,"minecraft:wheat_seeds":7,"minecraft:iron_helmet":2,"minecraft:golden_apple":28,"minecraft:poppy":1,"minecraft:dirt":2,"minecraft:iron_boots":1,"minecraft:oxeye_daisy":1},"minecraft:custom":{"minecraft:time_since_rest":47776,"minecraft:damage_absorbed":599,"minecraft:play_time":47776,"minecraft:sprint_one_cm":106441,"minecraft:damage_taken":1956,"minecraft:walk_one_cm":70086,"minecraft:sneak_time":9,"minecraft:damage_blocked_by_shield":266,"minecraft:interact_with_anvil":2,"minecraft:drop":8,"minecraft:jump":898,"minecraft:damage_dealt":3479,"minecraft:walk_on_water_one_cm":384,"minecraft:time_since_death":47776,"minecraft:total_world_time":47776,"minecraft:fall_one_cm":23895,"minecraft:fly_one_cm":244906,"minecraft:player_kills":4}},"DataVersion":3465}