{"stats":{"minecraft:dropped":{"minecraft:water_bucket":2,"minecraft:golden_apple":31,"minecraft:arrow":1,"minecraft:bow":1},"minecraft:used":{"minecraft:anvil":1},"minecraft:picked_up":{"minecraft:water_bucket":1},"minecraft:custom":{"minecraft:jump":117,"minecraft:time_since_rest":23776,"minecraft:damage_dealt":10,"minecraft:sprint_one_cm":15771,"minecraft:play_time":23776,"minecraft:time_since_death":23776,"minecraft:walk_one_cm":13622,"minecraft:total_world_time":23776,"minecraft:interact_with_anvil":2,"minecraft:drop":5,"minecraft:fly_one_cm":35946}},"DataVersion":3465}