{"stats":{"minecraft:killed":{"minecraft:skeleton":2,"minecraft:zombie":9,"minecraft:spider":2,"minecraft:phantom":1},"minecraft:dropped":{"minecraft:water_bucket":2,"minecraft:netherite_chestplate":1,"minecraft:iron_helmet":2,"minecraft:iron_boots":1,"minecraft:enchanted_golden_apple":64,"minecraft:arrow":1,"minecraft:bow":1,"minecraft:netherite_leggings":1,"minecraft:golden_apple":122},"minecraft:killed_by":{"minecraft:player":1},"minecraft:mined":{"minecraft:fire":1,"minecraft:dandelion":2,"minecraft:grass":58,"minecraft:grass_block":2,"minecraft:poppy":1,"minecraft:tall_grass":5},"minecraft:used":{"minecraft:netherite_sword":109,"minecraft:trident":47,"minecraft:water_bucket":10,"minecraft:lava_bucket":22,"minecraft:iron_axe":103,"minecraft:netherite_axe":301,"minecraft:ender_pearl":9,"minecraft:shield":9,"minecraft:iron_sword":75,"minecraft:totem_of_undying":2,"minecraft:netherite_boots":1,"minecraft:golden_apple":31,"minecraft:netherite_leggings":1,"minecraft:dirt":2,"minecraft:anvil":3,"minecraft:bow":22,"minecraft:bucket":32,"minecraft:enchanted_golden_apple":36},"minecraft:picked_up":{"minecraft:iron_chestplate":1,"minecraft:creeper_head":1,"minecraft:water_bucket":2,"minecraft:dandelion":3,"minecraft:porkchop":3,"minecraft:shield":1,"minecraft:netherite_leggings":1,"minecraft:cornflower":1,"minecraft:dirt":60,"minecraft:bone":4,"minecraft:iron_axe":2,"minecraft:iron_leggings":2,"minecraft:arrow":3,"minecraft:rotten_flesh":13,"minecraft:bow":1,"minecraft:wheat_seeds":22,"minecraft:iron_helmet":2,"minecraft:golden_apple":90,"minecraft:poppy":2,"minecraft:netherite_chestplate":1,"minecraft:iron_sword":1,"minecraft:egg":2,"minecraft:iron_boots":3,"minecraft:oxeye_daisy":3},"minecraft:broken":{"minecraft:iron_helmet":1,"minecraft:netherite_helmet":2,"minecraft:netherite_chestplate":1,"minecraft:netherite_leggings":1,"minecraft:netherite_boots":2},"minecraft:custom":{"minecraft:time_since_rest":105,"minecraft:walk_one_cm":247710,"minecraft:sprint_one_cm":322459,"minecraft:damage_taken":6598,"minecraft:damage_absorbed":5722,"minecraft:damage_blocked_by_shield":336,"minecraft:mob_kills":18,"minecraft:interact_with_anvil":9,"minecraft:drop":13,"minecraft:damage_dealt":10626,"minecraft:swim_one_cm":101,"minecraft:player_kills":8,"minecraft:fly_one_cm":760744,"minecraft:deaths":1,"minecraft:walk_under_water_one_cm":940,"minecraft:play_time":119776,"minecraft:sneak_time":12,"minecraft:jump":3212,"minecraft:time_since_death":50,"minecraft:walk_on_water_one_cm":2098,"minecraft:total_world_time":119776,"minecraft:damage_resisted":4149,"minecraft:fall_one_cm":88719}},"DataVersion":3465}