{"stats":{"minecraft:dropped":{"minecraft:water_bucket":2,"minecraft:iron_helmet":2,"minecraft:iron_boots":1,"minecraft:arrow":1,"minecraft:bow":1,"minecraft:golden_apple":122},"minecraft:mined":{"minecraft:grass":37,"minecraft:grass_block":2,"minecraft:poppy":1,"minecraft:tall_grass":5},"minecraft:used":{"minecraft:water_bucket":10,"minecraft:iron_axe":103,"minecraft:shield":4,"minecraft:iron_sword":75,"minecraft:totem_of_undying":1,"minecraft:golden_apple":31,"minecraft:dirt":2,"minecraft:anvil":1,"minecraft:bow":15,"minecraft:bucket":10},"minecraft:picked_up":{"minecraft:water_bucket":1,"minecraft:dandelion":1,"minecraft:cornflower":1,"minecraft:dirt":2,"minecraft:wheat_seeds":19,"minecraft:iron_helmet":2,"minecraft:golden_apple":28,"minecraft:poppy":1,"minecraft:iron_sword":1,"minecraft:iron_boots":1,"minecraft:oxeye_daisy":1},"minecraft:broken":{"minecraft:iron_helmet":1},"minecraft:custom":{"minecraft:time_since_rest":59776,"minecraft:walk_one_cm":91652,"minecraft:sprint_one_cm":145077,"minecraft:damage_taken":2915,"minecraft:damage_absorbed":879,"minecraft:damage_blocked_by_shield":266,"minecraft:interact_with_anvil":2,"minecraft:drop":10,"minecraft:damage_dealt":4909,"minecraft:player_kills":7,"minecraft:fly_one_cm":335968,"minecraft:play_time":59776,"minecraft:sneak_time":9,"minecraft:jump":1267,"minecraft:time_since_death":59776,"minecraft:walk_on_water_one_cm":1813,"minecraft:total_world_time":59776,"minecraft:fall_one_cm":33140}},"DataVersion":3465}