{"stats":{"minecraft:dropped":{"minecraft:water_bucket":2,"minecraft:iron_helmet":2,"minecraft:iron_boots":1,"minecraft:enchanted_golden_apple":64,"minecraft:arrow":1,"minecraft:bow":1,"minecraft:golden_apple":122},"minecraft:mined":{"minecraft:grass":37,"minecraft:grass_block":2,"minecraft:poppy":1,"minecraft:tall_grass":5},"minecraft:used":{"minecraft:netherite_sword":1,"minecraft:trident":5,"minecraft:water_bucket":10,"minecraft:iron_axe":103,"minecraft:netherite_axe":5,"minecraft:ender_pearl":2,"minecraft:shield":4,"minecraft:iron_sword":75,"minecraft:totem_of_undying":1,"minecraft:netherite_boots":1,"minecraft:golden_apple":31,"minecraft:netherite_leggings":1,"minecraft:dirt":2,"minecraft:anvil":3,"minecraft:bow":15,"minecraft:bucket":10,"minecraft:enchanted_golden_apple":2},"minecraft:picked_up":{"minecraft:iron_chestplate":1,"minecraft:water_bucket":2,"minecraft:dandelion":2,"minecraft:porkchop":3,"minecraft:shield":1,"minecraft:cornflower":1,"minecraft:dirt":2,"minecraft:iron_axe":2,"minecraft:iron_leggings":2,"minecraft:arrow":1,"minecraft:bow":1,"minecraft:wheat_seeds":20,"minecraft:iron_helmet":2,"minecraft:golden_apple":90,"minecraft:poppy":2,"minecraft:iron_sword":1,"minecraft:iron_boots":3,"minecraft:oxeye_daisy":3},"minecraft:broken":{"minecraft:iron_helmet":1},"minecraft:custom":{"minecraft:time_since_rest":71776,"minecraft:walk_one_cm":99422,"minecraft:sprint_one_cm":158381,"minecraft:damage_taken":3016,"minecraft:damage_absorbed":918,"minecraft:damage_blocked_by_shield":266,"minecraft:interact_with_anvil":7,"minecraft:drop":11,"minecraft:damage_dealt":4909,"minecraft:player_kills":7,"minecraft:fly_one_cm":373831,"minecraft:play_time":71776,"minecraft:sneak_time":10,"minecraft:jump":1355,"minecraft:time_since_death":71776,"minecraft:walk_on_water_one_cm":1813,"minecraft:total_world_time":71776,"minecraft:damage_resisted":27,"minecraft:fall_one_cm":36655}},"DataVersion":3465}