{"stats":{"minecraft:killed":{"minecraft:skeleton":1,"minecraft:zombie":2,"minecraft:spider":1},"minecraft:dropped":{"minecraft:water_bucket":2,"minecraft:iron_helmet":2,"minecraft:iron_boots":1,"minecraft:enchanted_golden_apple":64,"minecraft:arrow":1,"minecraft:bow":1,"minecraft:golden_apple":122},"minecraft:mined":{"minecraft:fire":1,"minecraft:grass":41,"minecraft:grass_block":2,"minecraft:poppy":1,"minecraft:tall_grass":5},"minecraft:used":{"minecraft:netherite_sword":46,"minecraft:trident":17,"minecraft:water_bucket":10,"minecraft:lava_bucket":7,"minecraft:iron_axe":103,"minecraft:netherite_axe":85,"minecraft:ender_pearl":6,"minecraft:shield":4,"minecraft:iron_sword":75,"minecraft:totem_of_undying":1,"minecraft:netherite_boots":1,"minecraft:golden_apple":31,"minecraft:netherite_leggings":1,"minecraft:dirt":2,"minecraft:anvil":3,"minecraft:bow":16,"minecraft:bucket":17,"minecraft:enchanted_golden_apple":7},"minecraft:picked_up":{"minecraft:iron_chestplate":1,"minecraft:water_bucket":2,"minecraft:dandelion":2,"minecraft:porkchop":3,"minecraft:shield":1,"minecraft:cornflower":1,"minecraft:dirt":34,"minecraft:bone":2,"minecraft:iron_axe":2,"minecraft:iron_leggings":2,"minecraft:arrow":1,"minecraft:rotten_flesh":4,"minecraft:bow":1,"minecraft:wheat_seeds":22,"minecraft:iron_helmet":2,"minecraft:golden_apple":90,"minecraft:poppy":2,"minecraft:iron_sword":1,"minecraft:iron_boots":3,"minecraft:oxeye_daisy":3},"minecraft:broken":{"minecraft:iron_helmet":1},"minecraft:custom":{"minecraft:time_since_rest":83776,"minecraft:walk_one_cm":142503,"minecraft:sprint_one_cm":198246,"minecraft:damage_taken":3493,"minecraft:damage_absorbed":1819,"minecraft:damage_blocked_by_shield":266,"minecraft:mob_kills":5,"minecraft:interact_with_anvil":7,"minecraft:drop":11,"minecraft:damage_dealt":6488,"minecraft:swim_one_cm":101,"minecraft:player_kills":7,"minecraft:fly_one_cm":449002,"minecraft:walk_under_water_one_cm":940,"minecraft:play_time":83776,"minecraft:sneak_time":10,"minecraft:jump":1804,"minecraft:time_since_death":83776,"minecraft:walk_on_water_one_cm":2098,"minecraft:total_world_time":83776,"minecraft:damage_resisted":970,"minecraft:fall_one_cm":48118}},"DataVersion":3465}