{"stats":{"minecraft:killed":{"minecraft:skeleton":1,"minecraft:zombie":4,"minecraft:spider":1},"minecraft:dropped":{"minecraft:water_bucket":2,"minecraft:netherite_chestplate":1,"minecraft:iron_helmet":2,"minecraft:iron_boots":1,"minecraft:enchanted_golden_apple":64,"minecraft:arrow":1,"minecraft:bow":1,"minecraft:netherite_leggings":1,"minecraft:golden_apple":122},"minecraft:mined":{"minecraft:fire":1,"minecraft:grass":51,"minecraft:grass_block":2,"minecraft:poppy":1,"minecraft:tall_grass":5},"minecraft:used":{"minecraft:netherite_sword":88,"minecraft:trident":39,"minecraft:water_bucket":10,"minecraft:lava_bucket":22,"minecraft:iron_axe":103,"minecraft:netherite_axe":237,"minecraft:ender_pearl":7,"minecraft:shield":4,"minecraft:iron_sword":75,"minecraft:totem_of_undying":1,"minecraft:netherite_boots":1,"minecraft:golden_apple":31,"minecraft:netherite_leggings":1,"minecraft:dirt":2,"minecraft:anvil":3,"minecraft:bow":21,"minecraft:bucket":32,"minecraft:enchanted_golden_apple":22},"minecraft:picked_up":{"minecraft:iron_chestplate":1,"minecraft:creeper_head":1,"minecraft:water_bucket":2,"minecraft:dandelion":2,"minecraft:porkchop":3,"minecraft:shield":1,"minecraft:netherite_leggings":1,"minecraft:cornflower":1,"minecraft:dirt":60,"minecraft:bone":2,"minecraft:iron_axe":2,"minecraft:iron_leggings":2,"minecraft:arrow":2,"minecraft:rotten_flesh":4,"minecraft:bow":1,"minecraft:wheat_seeds":22,"minecraft:iron_helmet":2,"minecraft:golden_apple":90,"minecraft:poppy":2,"minecraft:netherite_chestplate":1,"minecraft:iron_sword":1,"minecraft:egg":2,"minecraft:iron_boots":3,"minecraft:oxeye_daisy":3},"minecraft:broken":{"minecraft:iron_helmet":1,"minecraft:netherite_helmet":1,"minecraft:netherite_boots":1},"minecraft:custom":{"minecraft:time_since_rest":107776,"minecraft:walk_one_cm":212777,"minecraft:sprint_one_cm":271969,"minecraft:damage_taken":4868,"minecraft:damage_absorbed":3810,"minecraft:damage_blocked_by_shield":266,"minecraft:mob_kills":9,"minecraft:interact_with_anvil":9,"minecraft:drop":13,"minecraft:damage_dealt":9116,"minecraft:swim_one_cm":101,"minecraft:player_kills":8,"minecraft:fly_one_cm":623323,"minecraft:walk_under_water_one_cm":940,"minecraft:play_time":107776,"minecraft:sneak_time":12,"minecraft:jump":2644,"minecraft:time_since_death":107776,"minecraft:walk_on_water_one_cm":2098,"minecraft:total_world_time":107776,"minecraft:damage_resisted":2880,"minecraft:fall_one_cm":69711}},"DataVersion":3465}