{"stats":{"minecraft:killed":{"minecraft:spider":2,"minecraft:phantom":1,"minecraft:skeleton":2,"minecraft:zombie":9},"minecraft:dropped":{"minecraft:water_bucket":2,"minecraft:netherite_chestplate":1,"minecraft:iron_helmet":2,"minecraft:iron_boots":1,"minecraft:enchanted_golden_apple":64,"minecraft:golden_apple":122,"minecraft:netherite_leggings":1,"minecraft:arrow":1,"minecraft:bow":1},"minecraft:killed_by":{"minecraft:player":1},"minecraft:mined":{"minecraft:dandelion":2,"minecraft:grass_block":2,"minecraft:poppy":1,"minecraft:tall_grass":5,"minecraft:fire":1,"minecraft:grass":58},"minecraft:used":{"minecraft:water_bucket":10,"minecraft:trident":47,"minecraft:netherite_sword":109,"minecraft:ender_pearl":9,"minecraft:shield":9,"minecraft:iron_sword":75,"minecraft:golden_apple":31,"minecraft:dirt":2,"minecraft:anvil":3,"minecraft:netherite_leggings":1,"minecraft:lava_bucket":22,"minecraft:iron_axe":103,"minecraft:netherite_axe":301,"minecraft:totem_of_undying":2,"minecraft:netherite_boots":1,"minecraft:pink_bed":1,"minecraft:bow":22,"minecraft:bucket":32,"minecraft:enchanted_golden_apple":36},"minecraft:picked_up":{"minecraft:iron_chestplate":1,"minecraft:creeper_head":2,"minecraft:anvil":2,"minecraft:water_bucket":3,"minecraft:shield":2,"minecraft:gunpowder":2,"minecraft:cornflower":1,"minecraft:netherite_leggings":1,"minecraft:dirt":118,"minecraft:string":4,"minecraft:iron_axe":2,"minecraft:iron_leggings":2,"minecraft:bone":14,"minecraft:bow":2,"minecraft:wheat_seeds":27,"minecraft:iron_ingot":1,"minecraft:poppy":2,"minecraft:iron_sword":1,"minecraft:iron_boots":3,"minecraft:egg":4,"minecraft:dandelion":5,"minecraft:lava_bucket":1,"minecraft:porkchop":3,"minecraft:spectral_arrow":2,"minecraft:spider_eye":2,"minecraft:arrow":8,"minecraft:rotten_flesh":45,"minecraft:iron_helmet":2,"minecraft:golden_apple":90,"minecraft:netherite_chestplate":1,"minecraft:ender_pearl":29,"minecraft:cobblestone":5,"minecraft:oxeye_daisy":5},"minecraft:broken":{"minecraft:netherite_helmet":2,"minecraft:iron_helmet":1,"minecraft:netherite_chestplate":1,"minecraft:netherite_leggings":1,"minecraft:netherite_boots":2},"minecraft:custom":{"minecraft:interact_with_anvil":9,"minecraft:mob_kills":18,"minecraft:leave_game":1,"minecraft:time_since_death":7361,"minecraft:sleep_in_bed":1,"minecraft:damage_resisted":4149,"minecraft:time_since_rest":2678,"minecraft:sprint_one_cm":328359,"minecraft:damage_absorbed":5722,"minecraft:damage_taken":6748,"minecraft:walk_one_cm":249571,"minecraft:damage_blocked_by_shield":336,"minecraft:drop":13,"minecraft:damage_dealt":10626,"minecraft:swim_one_cm":101,"minecraft:fly_one_cm":765989,"minecraft:player_kills":8,"minecraft:play_time":127087,"minecraft:deaths":1,"minecraft:sneak_time":12,"minecraft:walk_under_water_one_cm":940,"minecraft:jump":3235,"minecraft:walk_on_water_one_cm":2098,"minecraft:total_world_time":127087,"minecraft:fall_one_cm":89973}},"DataVersion":3465}