{"stats":{"minecraft:dropped":{"minecraft:iron_helmet":2,"minecraft:water_bucket":2,"minecraft:arrow":1,"minecraft:bow":1,"minecraft:golden_apple":58},"minecraft:mined":{"minecraft:grass":17,"minecraft:grass_block":2,"minecraft:tall_grass":4},"minecraft:used":{"minecraft:golden_apple":7,"minecraft:dirt":2,"minecraft:bow":7,"minecraft:anvil":1,"minecraft:iron_axe":27,"minecraft:shield":4,"minecraft:iron_sword":40},"minecraft:picked_up":{"minecraft:water_bucket":1,"minecraft:wheat_seeds":6,"minecraft:iron_helmet":2,"minecraft:golden_apple":28,"minecraft:dirt":2},"minecraft:custom":{"minecraft:time_since_rest":35776,"minecraft:damage_absorbed":240,"minecraft:play_time":35776,"minecraft:sprint_one_cm":54936,"minecraft:damage_taken":618,"minecraft:walk_one_cm":47847,"minecraft:sneak_time":9,"minecraft:damage_blocked_by_shield":266,"minecraft:interact_with_anvil":2,"minecraft:drop":8,"minecraft:jump":425,"minecraft:damage_dealt":1328,"minecraft:time_since_death":35776,"minecraft:total_world_time":35776,"minecraft:fall_one_cm":8758,"minecraft:fly_one_cm":135462,"minecraft:player_kills":2}},"DataVersion":3465}